% The first three columns are year, month and day. The remaining 12 columns are average windspeeds in knots at 12 locations in Ireland on that day.
% Start by using the 'loadtxt' function from numpy to read the data into an array.
64,1,1,25.80,22.13,18.21,13.25,21.29,14.79,14.12,19.58,13.25,16.75,28.96,21.00
0,1,2,33.34,28.50,24.37,28.46,23.50,20.33,22.63,nan,17.71,24.17,36.95,28.96
64,1,3,22.63,9.92,19.67,18.12,nan,12.12,16.13,9.67,12.58,15.29,14.50,14.71
64,1,4,8.67,4.79,14.50,7.75,7.54,2.58,6.50,2.42,4.42,nan,4.58,4.83
64,1,5,5.50,6.75,3.79,3.58,8.83,3.50,3.67,6.71,5.79,5.63,8.63,9.71
64,1,6,6.87,10.75,7.00,4.21,9.25,5.29,2.54,nan,nan,5.79,17.08,10.37
0,1,7,12.29,11.92,7.92,4.17,10.63,4.46,2.92,9.54,3.67,8.12,21.54,10.00
64,1,8,15.09,12.54,7.71,6.29,9.13,4.29,4.08,11.87,5.25,9.46,22.75,17.37
0,1,9,10.67,9.08,7.96,4.38,7.00,2.75,2.67,5.88,2.25,2.83,14.04,10.34
64,1,10,11.25,9.92,8.71,3.00,nan,2.67,2.71,7.79,3.46,3.00,9.08,3.63
64,1,11,10.04,10.41,11.96,2.67,9.92,2.92,4.42,4.67,3.29,4.12,5.96,4.71
64,1,12,8.21,5.88,17.08,6.79,9.17,2.25,7.54,5.91,6.04,5.66,5.21,11.96
64,1,13,14.25,11.71,18.50,7.41,12.29,6.25,15.04,nan,8.75,14.33,14.21,24.96
64,1,14,15.96,18.91,12.46,3.00,12.67,6.42,8.71,11.29,3.67,9.25,nan,20.12
64,1,15,19.04,21.62,15.34,7.67,15.21,10.25,11.12,14.09,9.00,15.00,15.41,16.54
0,1,16,19.46,nan,15.79,9.38,15.41,10.50,nan,13.25,7.87,12.17,14.67,18.58
64,1,17,16.25,17.75,15.59,9.13,15.83,10.29,12.25,10.54,6.54,8.58,16.38,9.67
0,1,18,16.42,16.96,18.63,nan,15.46,12.54,15.29,13.59,nan,12.62,20.12,19.50
64,1,19,2.92,9.62,7.83,nan,6.29,2.75,nan,nan,1.38,5.79,16.66,8.79
0,1,20,2.08,5.71,4.54,2.21,5.88,3.08,nan,6.17,4.42,8.29,12.33,13.13
0,1,21,1.87,4.75,4.29,0.50,5.04,0.71,1.92,0.96,0.46,0.46,7.21,5.63
0,1,22,10.37,9.96,8.46,nan,8.17,3.13,3.00,3.25,2.37,4.71,7.62,6.87
64,1,23,7.83,3.13,9.08,4.63,nan,5.71,9.92,5.71,5.33,8.67,9.75,15.00
0,1,24,8.29,4.21,9.71,4.33,4.04,1.00,6.34,0.75,2.00,nan,3.88,8.17
64,1,25,3.63,3.04,nan,0.67,4.12,1.21,9.08,5.00,2.75,7.08,9.50,11.71
64,1,26,3.08,5.25,nan,0.75,5.79,2.29,7.12,5.91,2.42,6.13,12.00,10.71
64,1,27,15.46,13.13,14.33,6.58,12.79,9.33,11.08,13.21,8.12,12.29,21.29,15.46
64,1,28,16.04,11.12,10.63,10.46,13.17,8.67,15.87,11.54,12.21,13.75,nan,17.96
64,1,29,12.62,12.21,12.17,8.58,16.83,11.63,17.25,13.37,13.59,15.83,20.25,17.46
0,1,30,18.16,16.66,11.87,11.67,18.16,12.67,19.00,15.25,14.33,14.54,21.46,25.12
64,1,31,18.41,17.46,14.75,11.54,21.75,16.46,22.92,21.34,18.71,19.50,23.91,25.54
64,2,1,13.25,13.83,12.00,8.79,13.42,12.50,17.67,14.50,11.96,15.87,15.75,18.34
64,2,2,16.92,18.25,nan,9.21,15.34,13.21,15.34,19.12,11.25,17.46,26.92,22.00
64,2,3,16.08,13.50,13.83,10.41,15.46,11.67,16.79,12.50,12.96,16.33,20.58,24.41
64,2,4,9.21,7.83,8.58,6.63,11.34,9.17,15.50,11.79,10.21,17.04,16.62,26.04
64,2,5,8.08,6.21,11.21,3.25,6.83,3.25,7.25,3.17,3.08,3.83,6.29,9.04
0,2,6,9.04,5.25,4.08,0.33,nan,0.58,5.63,2.67,0.96,4.17,nan,10.46
0,2,7,7.50,7.38,4.17,0.71,6.75,1.87,5.88,2.50,nan,3.96,7.33,7.71
0,2,8,4.33,6.79,6.29,1.00,3.88,0.75,7.21,1.50,2.96,4.92,7.17,10.50
0,2,9,3.67,2.96,3.67,nan,4.29,1.33,7.54,4.17,1.08,5.25,11.29,10.58
0,2,10,4.88,3.79,5.50,0.42,4.63,1.87,10.83,4.75,3.21,5.88,8.92,12.12
64,2,11,7.08,9.92,7.29,1.67,7.00,4.21,8.50,6.75,3.08,6.75,11.92,9.83
0,2,12,20.96,15.63,14.09,9.00,15.63,11.12,9.67,14.42,8.92,10.04,17.46,16.08
64,2,13,26.20,16.08,24.54,14.50,22.13,17.33,20.30,18.58,13.17,17.88,19.25,19.21
64,2,14,14.17,nan,16.42,9.08,15.12,11.00,17.04,12.87,nan,14.96,13.67,nan
0,2,15,15.50,nan,15.34,9.75,14.12,11.38,13.88,11.92,8.87,13.70,13.92,16.46
64,2,16,12.54,9.17,18.54,7.54,10.54,7.50,12.96,9.54,6.42,10.92,8.71,21.37
64,2,17,11.46,8.04,20.88,8.71,10.34,7.50,12.83,9.13,8.96,10.34,11.29,22.83
64,2,18,18.21,16.00,22.79,12.75,18.16,11.87,24.00,20.67,12.71,18.34,22.46,30.91
64,2,19,16.04,12.17,16.58,8.67,15.87,9.29,16.38,14.25,8.96,10.83,14.17,17.37
64,2,20,17.58,16.50,nan,8.12,16.33,11.63,9.67,13.67,6.96,11.34,12.92,9.87
64,2,21,25.25,21.84,22.79,12.21,21.59,16.54,18.29,18.12,9.38,16.33,nan,nan
64,2,22,16.66,17.25,24.25,14.04,18.16,16.83,19.25,17.04,13.13,18.96,16.62,22.63
64,2,23,11.54,11.50,11.58,6.92,9.96,6.58,8.92,7.96,5.21,9.50,nan,11.96
64,2,24,24.87,19.87,nan,17.25,20.46,16.29,15.04,18.08,13.88,18.41,18.05,15.54
64,2,25,15.83,nan,14.88,11.42,14.04,10.41,11.08,12.58,11.29,15.29,17.50,18.66
0,2,26,23.21,nan,20.21,14.83,22.54,16.17,16.25,17.37,13.13,17.50,19.55,18.16
64,2,27,21.34,18.08,17.79,13.70,nan,12.42,13.79,16.25,11.75,17.96,20.25,19.12
64,2,28,9.08,9.29,9.54,5.17,11.12,6.50,8.46,10.50,6.00,12.71,18.84,14.96
64,2,29,8.83,nan,8.04,5.13,12.50,6.92,5.88,11.38,5.58,11.38,19.95,15.21
64,3,1,13.67,14.92,nan,6.46,15.37,10.21,8.87,12.25,5.13,9.29,13.46,12.25
0,3,2,10.63,9.92,7.87,3.08,10.00,2.50,6.04,6.46,3.37,6.29,7.21,6.25
64,3,3,7.46,8.21,7.46,2.37,9.54,1.21,4.83,3.67,2.46,3.29,5.09,5.66
64,3,4,8.12,5.09,10.29,3.04,8.79,3.33,nan,5.04,3.25,5.96,7.08,10.00
64,3,5,7.62,7.38,14.79,4.46,7.33,2.92,7.67,4.00,3.25,5.88,5.37,5.33
64,3,6,8.71,6.87,13.13,3.88,8.33,2.50,5.88,5.79,3.50,6.29,5.46,8.17
64,3,7,12.83,9.79,20.83,7.21,9.75,5.33,10.08,nan,6.08,6.42,nan,5.25
0,3,8,11.58,9.25,22.46,6.87,9.38,3.67,9.50,8.08,5.83,6.79,nan,nan
0,3,9,9.75,6.25,19.04,6.34,8.83,5.79,10.29,6.96,5.33,7.96,10.71,12.38
64,3,10,16.66,9.54,16.00,6.54,12.58,8.38,10.67,10.25,7.83,10.08,12.42,17.25
0,3,11,23.63,20.33,19.21,12.67,23.54,15.92,15.16,16.17,12.29,nan,16.58,16.96
64,3,12,17.71,15.16,20.50,10.21,21.34,15.50,15.37,18.79,14.42,18.29,19.55,25.21
64,3,13,11.46,13.37,13.33,8.79,15.29,9.75,12.87,nan,8.29,13.37,13.13,17.79
64,3,14,18.88,18.58,15.75,10.21,18.12,13.50,13.21,17.62,10.50,17.46,23.38,22.34
64,3,15,8.83,11.25,7.17,3.54,nan,6.25,6.54,9.04,4.54,11.79,16.83,19.83
64,3,16,21.25,20.12,19.95,11.50,23.16,12.33,17.41,16.75,11.67,16.00,18.00,22.21
64,3,17,16.58,15.92,29.08,14.54,18.08,18.54,23.13,19.04,nan,23.13,20.50,32.25
64,3,18,16.88,13.83,25.80,14.12,19.41,19.12,22.54,18.91,13.42,18.63,21.34,32.88
64,3,19,17.29,14.62,19.87,11.17,16.83,11.34,15.37,15.92,11.34,16.33,nan,30.88
0,3,20,10.17,10.25,12.46,7.08,9.17,5.63,11.34,6.75,6.50,11.38,7.67,13.96
64,3,21,10.21,8.33,7.50,3.08,6.63,3.71,8.71,4.38,4.42,8.42,4.63,11.96
64,3,22,5.21,4.29,4.71,0.71,4.33,0.13,6.08,2.67,4.58,5.83,5.88,10.04
64,3,23,10.34,10.37,13.17,6.71,10.25,9.21,11.00,8.21,8.46,10.29,12.38,14.29
64,3,24,13.79,13.37,10.63,7.29,nan,6.63,7.58,7.92,6.75,9.46,nan,14.92
0,3,25,17.16,11.75,16.92,11.92,14.75,8.83,15.37,9.46,12.71,15.67,nan,20.38
64,3,26,7.08,9.42,7.21,3.42,8.71,4.25,6.00,7.54,3.25,6.71,16.71,9.54
0,3,27,15.00,14.71,12.42,8.04,14.17,nan,9.67,12.33,9.08,13.67,16.79,17.79
64,3,28,9.50,8.33,10.75,5.37,12.71,8.21,8.92,nan,6.29,10.29,7.92,15.12
64,3,29,7.87,6.08,7.79,2.04,10.88,4.04,7.71,8.38,5.96,8.83,9.17,10.25
64,3,30,15.04,15.25,8.25,5.21,16.50,10.08,7.71,12.83,7.08,9.62,16.21,13.13
64,3,31,13.96,11.83,13.04,6.08,14.29,7.29,10.58,12.33,6.75,8.92,13.54,14.67
64,4,1,11.38,11.21,23.00,8.25,12.71,7.71,nan,11.34,7.04,10.34,12.21,12.96
64,4,2,13.75,9.83,24.79,8.75,9.62,5.46,10.63,7.96,6.08,7.50,7.75,11.34
64,4,3,13.17,12.38,24.75,9.92,10.34,8.29,11.83,9.62,7.71,11.92,13.42,15.75
0,4,4,14.12,12.92,24.17,nan,10.50,nan,12.75,9.87,6.42,9.25,10.21,11.96
64,4,5,9.62,6.58,10.58,7.25,9.04,3.17,6.58,nan,4.71,6.87,nan,10.37
64,4,6,10.83,9.21,7.21,5.50,10.41,nan,7.33,8.42,4.88,7.75,10.63,9.42
64,4,7,6.71,4.08,7.17,3.17,6.75,2.71,7.29,6.58,4.00,7.17,11.58,11.54
64,4,8,11.83,13.04,12.17,6.34,10.37,8.33,11.63,14.17,6.54,11.83,20.30,18.08
64,4,9,18.75,12.92,16.83,13.04,19.21,13.59,18.05,15.29,13.25,16.88,19.17,19.92
64,4,10,8.46,6.83,8.29,3.37,6.79,5.79,8.54,8.46,5.66,8.67,14.42,11.58
64,4,11,10.08,7.83,11.38,4.50,10.13,7.96,10.04,12.42,7.29,11.21,14.21,14.00
0,4,12,14.37,9.83,12.33,7.96,16.50,11.83,14.37,13.25,11.75,13.42,14.58,17.54
0,4,13,14.88,nan,13.13,11.12,18.71,10.25,15.96,14.00,11.46,15.04,20.50,19.75
64,4,14,16.88,15.75,15.09,10.08,18.71,12.83,19.04,16.33,14.79,16.54,21.96,21.71
64,4,15,17.12,12.71,nan,9.71,12.62,7.92,10.71,11.08,nan,12.08,17.25,14.46
64,4,16,10.37,7.12,10.67,5.88,9.92,6.58,9.17,7.50,4.96,8.42,11.75,10.13
0,4,17,15.00,11.58,14.25,9.87,14.09,10.79,12.79,11.75,8.79,11.25,13.25,11.00
0,4,18,10.88,7.41,15.87,9.75,11.42,nan,12.87,12.29,11.00,13.54,11.58,16.88
0,4,19,7.71,4.54,4.83,2.33,6.58,2.42,4.75,3.88,1.38,5.83,nan,11.58
64,4,20,6.63,5.29,10.00,5.29,6.71,5.96,9.25,4.08,5.50,8.75,6.29,12.67
64,4,21,7.71,6.50,7.21,3.88,8.38,3.13,5.41,5.63,3.25,6.63,9.00,15.63
64,4,22,9.21,9.42,10.29,4.25,8.71,4.38,9.04,6.08,4.04,6.25,7.67,5.79
0,4,23,11.92,8.00,7.54,7.96,12.21,7.41,9.79,7.17,6.34,7.29,9.17,6.54
64,4,24,5.71,8.58,6.42,nan,9.54,5.46,7.83,7.17,4.08,7.50,9.08,12.58
0,4,25,12.87,15.71,13.83,9.96,14.71,12.42,nan,15.21,8.75,nan,20.21,18.54
64,4,26,9.13,11.38,9.75,8.04,11.54,8.08,7.21,10.21,6.50,nan,10.63,8.04
64,4,27,16.50,15.25,15.83,10.25,15.09,12.71,11.42,14.37,9.96,14.46,16.75,17.16
64,4,28,15.59,11.63,nan,7.29,14.62,9.33,11.63,8.08,8.79,11.46,14.25,17.83
64,4,29,14.37,14.96,11.12,9.71,17.04,12.00,15.09,14.62,11.87,14.67,17.67,19.92
64,4,30,14.50,12.96,12.29,9.59,16.13,11.58,14.50,12.33,10.71,13.21,17.29,20.96
64,5,1,10.96,10.71,10.50,6.67,10.41,6.54,11.08,9.87,6.92,11.34,13.46,18.38
64,5,2,17.54,17.62,16.46,9.75,13.92,10.54,9.79,14.67,8.38,13.79,21.17,13.13
64,5,3,22.17,21.84,20.54,12.67,25.66,17.04,20.08,21.12,15.67,20.25,nan,nan
64,5,4,18.29,nan,nan,nan,20.91,14.75,19.41,14.09,13.08,nan,21.79,22.95
64,5,5,17.75,15.34,nan,9.33,nan,12.46,15.54,17.88,11.25,nan,24.58,23.16
0,5,6,9.92,12.46,11.25,7.83,12.42,8.38,9.75,11.83,7.12,14.00,17.62,15.75
64,5,7,19.50,15.25,20.04,13.33,17.25,13.70,16.66,12.12,12.50,15.75,14.96,11.96
64,5,8,22.37,21.09,20.88,13.04,21.17,15.00,nan,18.12,13.59,18.12,23.09,nan
0,5,9,23.29,20.96,21.34,13.42,19.67,15.59,15.96,18.21,12.21,17.41,29.00,22.46
64,5,10,17.25,17.33,17.67,10.75,17.21,12.54,15.92,15.46,11.79,14.58,20.88,19.29
64,5,11,18.91,16.92,20.46,10.34,14.00,12.33,15.04,15.34,10.21,16.13,20.62,12.58
64,5,12,17.88,14.83,17.54,11.25,17.67,nan,14.37,16.33,13.13,16.33,24.54,26.30
64,5,13,7.83,6.54,8.00,6.29,11.96,8.92,11.54,10.92,8.38,10.88,16.54,20.41
64,5,14,8.12,4.46,9.33,nan,8.33,5.04,9.92,nan,6.21,9.59,9.25,nan
64,5,15,5.33,9.46,7.29,5.37,9.71,5.71,5.25,6.54,4.42,7.21,9.38,7.50
64,5,16,6.54,12.08,8.46,6.58,11.63,8.83,5.66,9.21,nan,9.62,15.34,10.54
64,5,17,12.12,11.83,7.54,6.54,11.67,8.50,7.08,9.29,6.04,8.54,7.54,9.75
64,5,18,13.50,12.04,14.71,8.79,15.00,9.17,13.46,10.34,10.29,nan,nan,15.50
64,5,19,8.96,9.71,9.33,4.96,11.04,7.46,7.33,nan,6.46,7.17,13.46,14.58
64,5,20,10.96,12.46,10.83,5.33,9.46,6.00,7.54,10.08,5.75,8.50,14.88,9.33
64,5,21,14.75,13.75,14.58,6.96,13.08,8.87,6.96,12.50,7.79,12.42,20.33,12.29
64,5,22,12.71,11.75,12.83,8.58,11.21,8.92,10.71,10.79,9.13,11.04,12.54,13.37
0,5,23,10.67,10.92,17.75,8.17,nan,7.50,10.92,10.63,8.12,9.67,12.79,nan
64,5,24,9.00,9.71,23.29,9.54,11.54,6.75,11.08,11.63,7.08,6.96,nan,5.83
0,5,25,10.21,6.08,24.00,9.25,8.42,5.54,11.29,8.46,6.63,7.00,13.88,4.71
64,5,26,4.88,3.33,15.21,4.29,3.83,5.83,6.13,6.17,nan,7.58,7.46,7.75
64,5,27,12.17,16.42,6.67,5.79,13.83,6.46,nan,10.34,8.75,10.54,11.92,17.58
64,5,28,10.88,12.75,14.58,10.75,12.96,12.62,10.54,12.92,10.96,nan,11.92,14.83
64,5,29,10.83,12.54,6.96,5.75,12.58,6.08,8.17,nan,6.42,8.12,8.38,8.29
0,5,30,9.33,6.92,9.71,2.71,7.41,3.13,3.08,3.71,4.38,5.00,7.92,7.79
64,5,31,12.29,8.75,19.33,7.92,12.62,11.00,13.54,13.37,12.17,13.70,16.21,18.12
0,6,1,18.50,16.08,26.12,10.46,16.33,nan,17.37,15.96,nan,13.42,19.29,19.87
64,6,2,10.75,11.67,22.29,7.38,10.54,6.79,10.67,11.96,8.87,11.58,15.75,16.79
64,6,3,12.04,10.08,9.79,5.63,10.34,5.58,7.67,9.04,7.75,7.87,11.00,15.46
64,6,4,19.04,16.71,15.75,13.37,17.62,11.38,15.50,12.62,13.00,15.25,13.00,19.12
64,6,5,16.25,14.42,14.88,10.21,12.67,9.33,11.12,13.25,8.38,11.29,20.50,12.83
0,6,6,11.00,5.91,13.33,5.00,8.29,4.12,8.25,6.00,5.58,7.00,8.75,11.12
64,6,7,11.54,8.58,8.58,6.54,11.42,6.38,10.04,nan,8.08,10.83,10.67,13.75
64,6,8,12.46,12.83,10.34,7.92,12.46,8.75,10.71,9.54,9.13,10.71,14.04,11.29
64,6,9,15.09,14.29,15.00,10.25,11.50,9.96,8.58,10.75,10.21,12.50,16.92,13.50
64,6,10,20.41,17.25,nan,9.33,16.21,10.21,9.62,13.79,10.50,14.29,22.75,14.67
64,6,11,16.08,14.58,15.96,9.38,12.42,8.54,11.21,12.38,10.00,15.04,15.79,12.75
64,6,12,10.54,8.75,9.71,6.21,9.71,5.41,6.75,8.63,6.67,7.83,9.29,nan
0,6,13,17.37,16.58,13.50,8.08,14.09,7.12,8.63,12.04,8.63,10.58,15.67,14.46
64,6,14,15.21,13.92,12.54,8.92,17.88,9.92,13.25,13.21,11.58,nan,19.08,20.04
64,6,15,11.00,10.21,9.25,7.92,14.17,9.87,15.37,12.17,nan,14.46,17.21,23.58
64,6,16,10.63,8.42,11.17,6.54,13.79,8.29,13.21,10.21,10.46,11.25,15.34,15.21
64,6,17,7.92,9.33,6.17,3.33,7.92,2.58,6.17,6.29,4.17,4.71,8.38,8.29
0,6,18,8.63,10.34,10.00,4.92,9.50,3.63,5.91,8.71,5.21,8.25,11.50,nan
64,6,19,14.12,10.54,14.33,9.59,11.34,7.54,13.25,10.88,nan,14.09,13.17,nan
64,6,20,11.50,6.04,11.58,6.63,10.13,6.08,10.25,7.38,9.17,11.63,8.75,15.96
64,6,21,12.29,nan,7.87,6.83,10.58,nan,8.96,7.58,8.12,9.79,9.38,12.04
64,6,22,8.08,7.33,5.50,5.66,11.12,5.29,3.67,6.17,nan,4.46,8.87,6.25
0,6,23,8.00,nan,5.71,nan,7.67,3.96,4.63,4.12,5.54,6.42,6.96,10.79
64,6,24,3.54,3.17,5.46,2.79,4.71,2.92,4.29,3.58,4.29,5.25,9.96,12.54
64,6,25,3.88,2.37,1.83,2.71,3.37,0.67,3.92,2.83,1.79,3.13,9.54,nan
64,6,26,6.21,7.50,6.17,3.29,8.58,5.41,8.00,12.08,7.92,11.50,19.62,15.46
64,6,27,8.54,9.75,7.17,5.91,12.50,7.21,10.41,7.00,9.08,7.46,9.29,13.08
64,6,28,7.38,7.62,5.83,5.25,10.75,4.92,5.21,4.67,5.75,8.08,7.33,14.71
64,6,29,10.29,6.42,8.12,5.21,9.38,5.37,8.92,6.63,8.29,10.63,nan,16.21
64,6,30,13.08,7.50,7.12,6.63,13.17,8.21,nan,11.38,11.04,13.17,12.00,16.66
0,7,1,10.21,7.75,6.96,nan,9.62,nan,7.92,7.21,6.54,9.33,9.92,14.37
64,7,2,12.00,9.67,6.00,6.17,10.34,6.38,9.87,10.17,9.00,10.34,13.00,16.50
0,7,3,8.83,8.54,5.00,6.04,10.17,nan,6.58,nan,7.17,8.83,10.08,14.62
64,7,4,8.21,10.08,7.62,6.71,8.04,4.17,5.21,7.00,7.33,8.29,9.46,13.46
0,7,5,12.42,10.46,5.88,6.96,10.08,7.21,8.42,nan,9.38,9.67,13.33,14.17
64,7,6,9.50,7.62,6.87,5.25,9.17,5.91,6.42,7.41,6.63,nan,10.75,14.67
0,7,7,20.30,18.38,17.79,11.46,nan,13.29,19.41,17.83,nan,17.83,23.83,28.46
64,7,8,17.00,13.67,12.38,nan,16.96,11.54,16.21,13.00,13.54,14.79,18.05,27.25
64,7,9,14.58,nan,10.54,8.29,15.79,10.50,14.50,12.21,13.21,14.46,15.92,25.62
64,7,10,14.12,12.71,11.63,7.58,14.37,9.25,12.25,10.04,10.41,11.42,16.42,16.29
64,7,11,13.67,12.67,15.29,7.50,12.96,8.71,13.42,10.58,nan,10.21,13.46,19.79
64,7,12,8.25,5.50,7.79,3.63,7.08,4.92,6.54,6.08,6.38,5.37,8.71,12.12
64,7,13,14.62,15.67,12.62,10.96,nan,10.54,nan,12.25,11.34,12.62,16.33,17.79
0,7,14,15.09,15.21,18.05,10.58,14.67,11.34,13.54,14.79,11.50,15.79,23.58,17.41
64,7,15,11.42,12.38,13.37,7.12,12.83,8.63,11.58,14.42,8.50,13.67,22.37,17.75
64,7,16,6.79,9.46,7.00,5.46,9.96,6.08,4.29,6.21,4.75,6.42,13.88,7.96
0,7,17,4.08,3.79,nan,3.92,5.71,3.37,4.08,4.58,3.67,4.33,6.38,4.50
0,7,18,11.54,9.50,4.12,4.08,10.21,4.92,4.63,9.87,5.29,5.33,10.79,8.50
64,7,19,11.92,7.25,8.67,5.41,6.58,4.67,7.79,5.04,6.38,6.54,6.67,11.34
64,7,20,6.46,7.96,6.17,3.04,nan,2.96,2.50,3.46,3.58,3.67,8.87,6.83
0,7,21,8.00,nan,3.67,3.83,8.33,4.04,1.96,5.04,3.08,4.54,6.29,7.96
0,7,22,6.42,3.21,2.50,3.79,4.42,2.83,4.63,3.71,5.21,5.66,6.46,9.04
64,7,23,7.25,5.09,nan,4.17,7.41,4.83,6.83,6.42,6.25,7.58,10.83,12.33
64,7,24,9.13,11.29,11.21,5.58,10.92,9.25,9.96,14.33,9.38,12.46,16.21,14.92
64,7,25,5.88,7.00,7.75,4.46,7.17,5.79,8.17,7.38,7.04,7.29,9.54,13.83
64,7,26,7.46,4.21,8.58,4.63,4.25,2.92,3.96,5.17,5.09,6.21,14.12,15.37
64,7,27,10.37,nan,11.63,7.33,16.92,11.54,15.09,13.00,12.75,12.42,19.75,24.50
0,7,28,10.71,9.33,7.67,nan,13.83,12.00,11.96,10.17,9.67,8.50,12.04,17.16
0,7,29,8.21,nan,9.38,3.13,9.59,8.33,6.71,7.79,6.83,6.83,12.67,12.12
64,7,30,6.92,6.21,10.50,4.92,10.63,7.08,10.13,9.67,8.46,9.75,13.75,16.58
64,7,31,11.83,8.75,10.21,8.92,17.54,nan,13.79,12.29,nan,13.37,16.75,20.25
64,8,1,16.88,10.34,13.04,11.54,nan,13.50,16.54,15.04,14.21,14.42,15.41,17.04
64,8,2,13.08,7.00,10.92,7.58,11.96,9.25,14.04,12.50,10.50,13.08,12.96,17.79
0,8,3,7.92,7.08,5.96,4.21,8.50,nan,8.71,7.46,6.71,8.75,9.25,16.66
64,8,4,5.79,2.92,5.33,2.21,4.21,2.29,4.42,5.41,2.33,6.00,10.92,10.34
64,8,5,8.04,7.08,11.04,4.75,8.33,5.91,7.67,8.50,7.12,10.79,14.50,nan
64,8,6,12.96,nan,9.42,5.04,12.42,nan,6.83,8.87,8.04,8.54,13.70,nan
64,8,7,16.17,14.71,nan,7.67,15.96,9.62,9.21,10.21,8.33,9.50,14.67,9.50
64,8,8,11.25,6.13,8.04,6.63,9.59,5.88,6.96,3.46,6.87,7.58,7.17,10.17
64,8,9,7.00,nan,6.83,3.46,4.42,4.63,4.88,3.75,3.50,6.00,6.63,9.96
64,8,10,3.33,5.09,3.67,2.46,5.79,3.50,3.08,2.33,3.08,2.29,3.83,nan
64,8,11,6.00,2.58,7.00,1.79,7.21,1.29,3.63,2.21,4.42,4.67,4.63,7.33
64,8,12,7.54,2.25,11.38,1.79,5.71,3.67,2.46,4.67,4.21,4.75,8.58,4.88
64,8,13,4.92,3.13,16.71,4.04,4.75,5.71,5.09,4.58,4.04,5.21,10.34,5.54
64,8,14,5.25,2.00,11.46,2.71,3.08,2.75,3.04,1.63,2.58,3.79,7.79,4.29
64,8,15,4.21,nan,4.67,nan,5.54,2.58,2.79,2.37,2.25,4.83,5.33,5.63
64,8,16,15.59,10.21,11.25,7.71,13.08,10.13,7.08,8.50,7.50,8.71,10.17,9.62
0,8,17,12.54,7.79,15.79,7.33,9.67,nan,13.42,7.50,7.92,11.29,11.50,nan
64,8,18,21.92,19.12,14.17,11.25,18.50,10.37,15.09,15.79,13.13,16.50,24.83,30.46
0,8,19,12.54,7.71,11.46,7.83,10.79,6.67,10.67,7.92,9.25,12.21,10.34,15.83
64,8,20,4.63,4.17,4.58,1.67,5.00,1.96,5.71,4.08,3.54,5.46,5.41,6.58
64,8,21,6.87,4.96,6.58,2.88,6.17,2.46,4.25,5.58,3.25,5.21,12.04,11.42
64,8,22,9.33,10.08,10.67,3.96,11.67,8.04,9.42,10.50,8.50,11.67,18.34,18.00
64,8,23,19.55,17.54,18.88,9.71,14.75,12.25,13.62,15.12,10.41,15.59,21.92,20.46
0,8,24,15.83,14.25,17.04,10.00,15.87,12.25,15.34,14.12,11.50,15.46,19.29,22.29
0,8,25,15.09,16.38,15.37,10.88,14.00,12.42,nan,13.46,11.71,nan,20.62,16.62
64,8,26,11.75,9.50,12.38,6.42,9.71,6.42,8.04,3.21,6.87,9.59,8.79,9.83
64,8,27,8.67,8.29,10.50,nan,7.46,5.00,7.12,4.04,4.67,5.66,7.04,5.46
64,8,28,12.25,10.71,9.08,6.00,11.46,6.87,nan,6.87,7.33,8.38,9.54,9.50
64,8,29,7.12,6.71,7.83,5.13,4.29,4.58,9.25,4.88,7.04,nan,7.04,16.13
64,8,30,7.41,5.00,6.92,2.08,nan,1.71,4.38,2.46,1.58,2.83,3.50,6.58
64,8,31,14.12,14.09,11.54,5.21,12.87,8.54,7.21,8.96,6.96,8.75,9.17,10.34
0,9,1,17.71,16.00,12.71,8.21,nan,11.17,11.29,11.17,9.00,11.46,15.59,14.42
0,9,2,8.75,10.67,9.96,5.54,10.88,8.00,10.00,8.46,6.67,7.96,10.54,12.71
0,9,3,5.83,2.25,3.46,1.87,6.00,1.79,2.04,2.58,2.00,2.08,5.96,3.67
64,9,4,6.71,3.21,4.29,2.42,5.25,nan,2.46,2.17,nan,4.08,4.50,4.71
0,9,5,11.63,8.04,8.71,5.04,11.12,6.79,5.63,nan,6.71,6.75,11.17,10.34
64,9,6,10.58,4.63,5.83,6.04,10.29,6.75,8.58,7.54,7.87,9.42,11.08,14.54
64,9,7,10.88,9.04,9.62,6.50,13.00,9.67,10.37,12.33,10.34,11.17,15.71,nan
64,9,8,9.42,7.67,11.25,5.75,10.88,8.04,12.33,10.21,9.96,nan,16.42,17.58
64,9,9,8.46,10.29,10.88,6.04,10.00,8.42,13.29,12.79,9.00,10.21,16.50,16.42
64,9,10,14.09,13.96,14.50,8.71,11.58,10.04,14.58,10.50,10.37,11.92,17.33,15.37
0,9,11,10.21,5.66,9.42,6.87,8.96,7.50,10.75,9.33,9.54,12.12,12.67,18.50
64,9,12,9.42,9.33,7.38,3.67,8.83,4.29,4.50,6.87,4.88,6.08,nan,9.79
64,9,13,12.75,11.75,13.17,8.29,nan,6.96,9.17,9.33,7.50,10.46,16.66,14.21
64,9,14,17.67,13.46,14.04,nan,15.12,9.96,9.42,11.21,11.71,13.54,17.96,18.63
64,9,15,16.04,14.12,16.04,8.71,15.96,10.92,10.13,11.46,10.58,13.79,19.50,17.41
64,9,16,16.79,12.79,12.25,7.41,13.37,9.29,8.08,7.96,8.83,9.50,12.87,15.87
64,9,17,12.00,10.41,7.96,6.42,12.62,7.75,9.29,7.21,8.38,9.67,12.42,17.58
64,9,18,9.29,9.96,9.62,5.66,11.67,7.75,10.75,nan,7.62,nan,14.75,15.87
64,9,19,11.12,12.50,9.21,7.17,13.92,9.71,15.12,10.34,10.71,11.46,17.04,22.42
0,9,20,11.38,6.21,9.87,5.00,8.75,6.21,10.17,5.37,8.87,7.38,11.17,12.67
64,9,21,14.54,15.04,11.42,6.79,11.87,8.87,8.33,10.67,7.54,8.67,18.41,14.12
64,9,22,18.12,18.38,17.54,10.00,16.04,12.54,14.21,16.42,11.34,18.54,18.50,14.58
64,9,23,9.62,9.83,10.88,7.54,12.25,7.38,6.83,9.08,9.00,12.04,10.46,11.87
64,9,24,22.67,15.75,20.12,12.67,18.50,13.21,15.04,14.88,13.04,14.62,15.34,15.09
0,9,25,14.96,10.92,15.29,nan,12.92,7.58,10.58,14.21,9.33,nan,25.00,21.29
64,9,26,10.58,6.46,10.92,5.88,11.17,7.33,9.08,8.54,8.33,9.79,12.50,14.92
64,9,27,4.08,2.88,6.46,0.87,5.00,2.21,6.25,2.21,3.83,4.50,nan,15.59
64,9,28,3.21,7.58,7.00,3.33,7.58,5.13,6.87,9.04,4.67,8.12,15.83,15.29
64,9,29,4.04,3.13,5.37,nan,4.79,2.29,5.88,4.63,4.67,7.71,6.75,9.62
0,9,30,9.21,1.75,15.29,1.58,3.67,0.92,3.67,2.25,3.63,3.08,4.08,3.88
64,10,1,5.83,nan,13.13,1.79,2.58,1.29,3.08,3.58,2.13,1.96,4.42,3.58
0,10,2,8.67,4.21,10.96,2.75,5.17,3.08,6.96,5.54,6.21,8.12,6.13,8.12
0,10,3,10.75,10.54,8.58,3.58,10.67,6.46,7.67,7.12,5.63,nan,10.04,15.87
64,10,4,12.21,15.92,12.08,6.83,15.83,8.58,6.87,12.79,7.79,10.17,15.50,14.50
64,10,5,16.88,10.96,13.29,8.54,12.12,9.08,10.41,8.96,9.42,11.75,10.08,13.21
64,10,6,22.92,20.71,18.71,nan,18.08,14.17,16.46,14.21,12.33,15.21,16.25,14.17
64,10,7,19.04,18.79,14.88,10.88,19.67,10.96,18.71,12.75,13.92,13.04,20.46,21.67
64,10,8,17.71,nan,10.41,8.67,15.50,10.17,14.83,10.79,12.46,10.41,20.04,22.34
64,10,9,15.09,15.75,9.21,6.71,14.29,6.96,7.12,5.04,7.71,7.21,8.21,7.87
64,10,10,13.59,9.62,12.12,8.50,8.79,nan,15.37,3.63,10.83,13.54,9.08,10.92
0,10,11,8.71,7.08,11.42,5.50,4.96,3.63,8.71,3.96,5.96,8.50,7.25,13.17
64,10,12,5.75,5.37,7.83,3.54,4.88,3.04,nan,nan,3.13,4.63,7.83,8.46
64,10,13,6.13,2.75,6.67,2.75,5.58,4.79,9.08,4.88,4.67,8.38,10.63,12.08
64,10,14,14.50,12.08,9.71,6.42,10.21,7.54,9.13,7.33,7.12,8.79,16.46,13.42
64,10,15,21.71,16.50,14.50,nan,18.08,12.58,12.04,nan,12.67,10.08,21.50,14.50
64,10,16,10.21,9.59,9.62,7.04,8.33,6.96,10.13,6.71,8.25,8.58,10.13,16.79
64,10,17,6.83,7.08,4.58,3.04,nan,5.29,5.58,5.25,3.04,5.54,10.04,9.62
64,10,18,7.67,11.38,9.83,3.21,6.25,5.96,4.17,9.54,4.21,9.00,12.21,11.54
0,10,19,12.29,12.67,10.46,7.04,10.75,6.13,5.17,8.12,6.13,9.87,19.04,13.21
64,10,20,7.54,8.38,7.79,1.96,4.00,3.42,5.75,5.33,3.67,7.92,11.00,10.00
64,10,21,5.09,5.17,9.79,3.71,5.71,3.04,5.25,5.58,3.96,4.29,9.29,10.79
64,10,22,14.00,11.96,8.17,6.75,13.25,9.00,12.00,9.50,11.21,12.29,20.58,24.71
64,10,23,25.17,21.67,15.54,12.71,18.50,12.29,14.71,14.21,13.29,nan,22.34,28.04
0,10,24,9.67,8.54,8.75,4.08,nan,6.50,10.37,6.25,8.00,9.08,11.54,16.96
64,10,25,6.63,7.25,5.54,3.17,7.92,5.33,6.25,8.17,5.96,8.21,13.50,12.08
64,10,26,13.67,11.08,11.75,5.09,7.67,6.63,6.25,9.96,5.83,11.12,15.37,14.37
64,10,27,14.12,9.87,8.17,6.92,11.04,7.67,2.54,10.50,6.63,10.58,12.87,17.04
64,10,28,8.42,11.54,4.96,2.54,9.71,5.25,2.46,8.67,4.50,7.87,11.96,12.87
64,10,29,4.88,8.79,2.37,1.46,7.67,2.54,1.92,4.75,2.75,5.50,10.75,11.58
64,10,30,6.58,10.04,7.04,1.54,8.38,3.33,1.75,6.04,2.62,4.04,7.54,9.79
64,10,31,15.29,10.41,13.04,4.75,9.96,6.50,6.21,6.54,4.50,5.00,5.66,10.71
64,11,1,12.87,11.92,10.50,3.37,11.12,3.63,2.46,4.63,3.54,3.63,7.50,7.83
0,11,2,8.58,5.00,nan,3.46,5.63,2.62,6.17,3.25,3.42,3.00,7.29,13.50
64,11,3,10.21,6.58,21.59,6.50,6.29,4.71,8.54,5.54,5.96,5.00,6.17,12.25
64,11,4,11.42,11.92,19.87,6.38,9.62,5.46,nan,7.29,6.25,6.17,4.88,10.29
64,11,5,9.46,6.71,18.46,6.54,9.42,3.04,8.00,5.88,4.88,3.88,1.50,3.63
64,11,6,8.54,4.21,14.54,4.83,6.83,1.58,5.88,3.37,2.96,2.42,2.67,5.96
64,11,7,10.75,8.54,12.33,2.96,6.63,3.75,9.21,6.63,3.25,nan,7.38,8.71
64,11,8,10.25,10.58,nan,5.41,9.00,nan,nan,6.34,4.83,5.75,8.75,8.00
64,11,9,5.50,6.17,6.13,1.25,7.96,1.08,3.46,4.04,2.13,4.71,8.33,11.67
64,11,10,7.33,10.96,6.96,1.58,8.12,4.00,2.96,4.25,3.67,4.96,9.50,10.29
64,11,11,13.83,14.79,13.08,6.08,12.46,9.42,nan,12.71,7.87,11.67,16.21,17.29
64,11,12,12.21,12.46,9.42,6.58,13.92,8.54,14.04,9.25,8.42,11.38,18.38,20.04
64,11,13,20.54,19.92,18.12,10.34,15.87,12.04,16.13,15.21,nan,15.92,24.04,22.83
64,11,14,22.00,nan,18.21,13.59,22.92,16.54,nan,19.38,17.04,20.96,30.88,32.46
64,11,15,19.62,19.95,16.08,11.75,17.50,nan,17.88,13.83,13.96,13.37,23.63,23.87
0,11,16,13.04,11.75,11.71,11.34,14.33,10.41,17.33,9.50,13.46,12.79,15.16,nan
64,11,17,15.50,16.54,11.75,5.17,11.54,7.67,9.62,8.17,6.58,6.50,10.50,9.08
64,11,18,15.09,16.66,15.50,7.04,11.42,10.54,12.42,15.09,9.00,14.46,21.46,16.33
64,11,19,7.83,8.42,8.67,4.00,7.12,5.66,11.29,8.67,6.13,9.79,nan,15.12
0,11,20,5.66,8.96,10.21,3.13,4.83,2.75,9.25,13.17,4.79,10.21,16.71,14.96
64,11,21,3.25,9.21,6.13,0.75,5.33,2.50,6.46,7.29,3.54,7.33,14.96,12.96
0,11,22,14.67,11.71,nan,5.46,7.41,6.50,11.63,10.50,6.00,9.46,14.58,15.12
0,11,23,10.13,9.25,8.87,5.46,10.54,8.54,13.54,11.12,10.34,12.79,19.00,18.88
0,11,24,14.79,12.71,15.54,9.83,16.58,13.46,18.16,12.83,15.00,16.25,20.21,22.21
64,11,25,9.87,7.79,8.79,4.50,7.62,nan,8.50,6.17,nan,7.67,10.46,15.12
64,11,26,18.12,14.67,15.04,7.21,12.29,10.58,13.21,13.29,10.54,14.79,21.29,25.33
64,11,27,11.21,12.87,9.42,6.34,nan,8.08,16.08,nan,10.75,12.42,20.21,22.75
64,11,28,18.63,15.83,11.34,10.04,11.67,8.71,15.41,12.08,12.42,12.67,22.83,27.84
64,11,29,24.54,17.54,nan,11.04,15.37,7.38,14.71,12.00,10.13,13.92,18.34,22.63
64,11,30,13.42,14.96,9.33,4.96,10.50,7.41,11.12,7.75,8.92,8.12,16.08,17.79
64,12,1,23.87,18.46,14.33,9.59,12.87,8.87,12.42,11.63,9.25,11.42,18.54,19.58
64,12,2,10.29,8.46,9.38,5.29,12.21,7.50,15.04,9.04,10.63,12.46,14.58,23.33
64,12,3,19.50,13.33,13.70,11.42,14.83,11.58,15.79,11.58,13.04,14.09,16.75,28.62
0,12,4,9.04,5.50,10.29,4.75,4.79,4.29,9.54,3.17,5.46,7.08,8.25,17.50
64,12,5,9.25,10.67,9.54,5.29,12.25,8.96,16.42,nan,10.37,10.63,17.25,16.04
0,12,6,21.75,16.96,20.12,10.83,16.75,13.17,19.38,14.33,13.08,16.92,21.25,23.58
64,12,7,25.84,14.54,23.96,14.71,13.62,11.25,16.75,9.87,11.50,9.92,12.62,15.63
0,12,8,25.54,22.37,23.71,12.67,17.62,15.50,20.88,17.21,13.88,20.00,27.33,nan
64,12,9,12.96,12.42,12.58,5.29,11.92,8.38,13.54,7.17,9.08,8.92,14.67,16.83
64,12,10,4.79,7.67,6.13,1.63,7.71,5.66,7.17,4.96,5.50,7.58,11.54,15.96
0,12,11,17.58,17.71,17.04,8.71,15.75,12.87,14.00,15.00,11.08,14.21,25.37,22.95
0,12,12,28.88,16.42,25.29,7.83,10.96,7.29,12.75,7.46,7.46,10.96,13.29,18.96
64,12,13,17.54,14.88,13.79,9.67,15.54,10.41,15.71,10.25,12.12,11.79,18.38,19.00
0,12,14,4.75,3.17,5.88,0.54,4.71,3.92,8.87,2.17,4.54,7.62,10.21,13.62
0,12,15,16.00,12.08,11.34,5.58,11.71,10.54,7.83,12.54,8.38,13.33,18.00,19.08
64,12,16,15.09,15.92,8.96,6.50,11.25,8.08,9.87,12.67,9.29,13.79,24.41,nan
64,12,17,18.34,13.04,16.17,9.50,11.34,nan,8.21,8.33,7.75,9.92,13.13,17.12
0,12,18,6.29,2.25,4.63,nan,3.83,0.04,3.21,0.54,0.75,1.17,5.46,5.66
64,12,19,7.17,4.54,nan,2.17,3.08,0.96,6.29,2.88,2.08,4.50,9.79,12.67
64,12,20,15.87,11.87,nan,8.46,nan,3.63,10.21,7.08,5.83,9.96,13.62,17.50
64,12,21,13.29,13.21,27.50,8.12,12.25,nan,14.37,7.75,8.00,10.88,12.38,17.37
64,12,22,14.67,9.62,20.71,6.63,11.00,4.63,15.04,9.79,7.54,9.83,8.08,10.17
0,12,23,11.17,7.87,12.04,5.88,7.79,4.00,10.34,4.46,5.50,8.75,3.04,5.25
64,12,24,15.50,10.50,13.75,7.67,7.12,3.58,nan,7.87,nan,9.17,16.33,21.75
64,12,25,13.08,7.58,14.12,6.71,6.58,4.96,10.79,4.38,7.00,7.83,12.00,17.75
64,12,26,8.87,11.12,5.96,2.75,8.17,5.79,nan,5.25,5.63,8.83,11.92,12.50
64,12,27,21.67,16.17,20.88,8.71,8.87,5.79,10.37,7.17,nan,8.12,11.96,12.54
64,12,28,7.17,6.08,7.67,1.54,7.00,4.50,6.96,5.79,4.25,8.71,10.88,17.33
64,12,29,17.71,18.29,15.63,7.92,17.33,12.71,nan,11.17,12.08,15.29,22.75,22.08
0,12,30,23.38,24.17,18.75,11.50,22.75,15.96,20.30,14.29,14.46,17.33,30.46,26.83
64,12,31,16.33,19.25,13.37,10.08,17.04,12.54,19.83,13.79,12.67,15.04,nan,23.58
% THE END
